,PGA,RuBP,fRB,fP,fZ,alphar,PSIId,fR,PR,Cc,Ccyt,Ci,Ca,H2OS,gsw,sumA
0.0,5e-05,5e-05,0.25,0.0,0.0,1.0,0.0,0.0,0.0,0.0003800000000000001,0.00038,0.00038,0.00038,0.02,0.09,0.0
1.0,6.348415961501427e-05,4.2869814754902264e-05,0.2565438790523195,0.01852425406083623,0.0018680529914246362,0.9996283458590249,0.9999977088699205,0.006260321907106785,1.5746539497121214e-06,0.0002788208881744834,0.000299356861182546,0.0003051282621302032,0.0003797949953021493,0.019372238327030066,0.09006661994456541,0.0
2.0,7.57616898078944e-05,3.635241846607541e-05,0.2630236461235149,0.03670115212249276,0.0037321953328604053,0.9992573823522845,0.9999977061506876,0.012481452179367183,3.16040331687912e-06,0.00027656681513011657,0.0002971666197581734,0.00030301153627285463,0.00037957500556464645,0.018833859195800773,0.09013316398566584,0.0
3.0,8.720165971586948e-05,3.0279761234147623e-05,0.2694399293439422,0.05453714301811703,0.005592435720795112,0.9988871081963715,0.9999977034415903,0.018663636172826525,4.691458772199263e-06,0.00027799944970780915,0.00029834312932727243,0.0003040840806179247,0.00037938800074341545,0.01837214451958155,0.09019963220978328,0.0
4.0,9.760815001318177e-05,2.4757919322656816e-05,0.27579335068041594,0.07203854141543548,0.007448781334096249,0.9985175221102851,0.9999977007426846,0.02480711770375487,6.1352979281648585e-06,0.00028144289070063507,0.00030117837484121404,0.0003066969526592197,0.00037923448277620963,0.017976185679049184,0.09026602470329989,0.0
5.0,0.00010669194165230675,1.994165171487036e-05,0.28208452600609996,0.08921156809588966,0.009301241668866445,0.9981486228154054,0.9999976980540236,0.03091213906203508,7.450051083233914e-06,0.00028752364741932527,0.00030618886016194047,0.00031132936922085886,0.00037911558025434,0.017636626541504167,0.09033234155249932,0.0
6.0,0.00011414570057083629,1.5994307975217512e-05,0.2883140651601401,0.10606234599651522,0.01114982795980996,0.9977804090354873,0.9999976953756557,0.03697894102071188,8.594560487962543e-06,0.00029623857989548725,0.0003134049846776067,0.00031801627016562914,0.00037903317184283686,0.017345442721903706,0.090398582843567,0.0
7.0,0.00011979361164891382,1.3007647555288579e-05,0.2944825720065683,0.12259689399733728,0.01299455236897692,0.9974128794966585,0.9999976927076221,0.04300776284545316,9.551214253107315e-06,0.00030622247534809095,0.0003217315645563071,0.000325748094306289,0.0003789869674299042,0.017095752554760996,0.0904647486625901,0.0
8.0,0.00012370753582261065,1.0940841415263297e-05,0.3005906444894987,0.13882111810637454,0.014835426905041449,0.9970460329274149,0.9999976900499619,0.04899884230298815,1.0339599660420458e-05,0.0003153472511947869,0.00032940219033142945,0.0003328841275765023,0.0003789717752868836,0.016881650341890337,0.09053083909555765,0.0
9.0,0.00012614571487144734,9.654769956185688e-06,0.30663887469013157,0.1547408076867887,0.016672462834620747,0.9966798680586182,0.9999976874027097,0.05495241567040287,1.1002296800890653e-05,0.0003220801814957552,0.00033511640767217477,0.00033821064336330515,0.00037897854388113715,0.01669807366916204,0.09059685422836064,0.0
10.0,0.0001274380793412625,8.973565527498746e-06,0.3126278489487826,0.17036163872029997,0.018505670674329445,0.9963143836234629,0.9999976847658968,0.06086871776089413,1.1587142408204865e-05,0.00032590426870034904,0.00033841489412167193,0.0003412945513219998,0.00037899711945322666,0.016540673001483947,0.09066279414679318,0.0
11.0,0.00012789642291796433,8.732048921472105e-06,0.3185581477566855,0.1856891751767685,0.020335060424241064,0.9959495783575404,0.9999976821395523,0.06674798189101136,1.2135936351376723e-05,0.000327067189406512,0.00033948897895045953,0.00034231018340552283,0.00037901866964459776,0.016405730940682095,0.09072865893654992,0.0
12.0,0.00012777037765237487,8.798460878046418e-06,0.324430345984488,0.20072887688696237,0.02216064183407446,0.9955854509987646,0.9999976795237007,0.07259043993363141,1.2680703081161447e-05,0.00032611428170144387,0.0003387870343939286,0.0003416726543483363,0.0003790368232677579,0.016290050219398073,0.09079444868322896,0.0
13.0,0.0001272444925433795,9.0756176800585e-06,0.3302450128636535,0.21548610149163483,0.023982424543073765,0.9952220002873982,0.9999976769183638,0.0783963223082175,1.3244620733229648e-05,0.00032363360402466745,0.00033679988689244836,0.000339837999487065,0.00037904759946893053,0.016190889229028504,0.09086016347233077,0.0
14.0,0.00012644775392314819,9.49569885475066e-06,0.3360027120383774,0.22996610698322817,0.025800418154894374,0.9948592249660476,0.9999976743235601,0.08416585798923994,1.3843782803213997e-05,0.00032011983201241117,0.0003339426754848437,0.0003371924307312569,0.00037904896068337345,0.01610589948761061,0.09092580338925822,0.0
15.0,0.00012546718659136712,1.0012972520452541e-05,0.341704001635743,0.24417405430468175,0.027614632278579437,0.9944971237796552,0.9999976717393038,0.08989927451879667,1.4489171910006898e-05,0.0003159392393891933,0.00033052296034921793,0.0003340221461046422,0.0003790402163649805,0.01603306333569088,0.090991368519317,0.0
16.0,0.00012435990940886694,1.0597437418432669e-05,0.347349434315985,0.25811500909789264,0.029425076533923962,0.9941356954754949,0.9999976691656062,0.095596798014793,1.5188115096967653e-05,0.000311361536749328,0.00032676861290889563,0.00033053947597712574,0.00037902154088161397,0.015970650008136685,0.09105685894771556,0.0
17.0,0.00012316216202616076,1.1230074149700698e-05,0.35293955732236815,0.27179394341886853,0.031231760556240218,0.993774938803169,0.9999976666024762,0.10125865317909145,1.5945329654961766e-05,0.00030656978715784257,0.0003228342595309767,0.0003268885243463886,0.000378993641813541,0.015917177199975797,0.09112227475956523,0.0
18.0,0.00012189616027806643,1.1899234008347304e-05,0.35847491253643726,0.28521573749370355,0.03303469399199128,0.9934148525146036,0.9999976640499184,0.10688506330679268,1.6763781638566953e-05,0.0003016818313496259,0.0003188191946894194,0.00032316179284695484,0.0003789574974623975,0.015871373527458002,0.09118761603988046,0.0
19.0,0.00012057503881708086,1.2598039066645798e-05,0.3639560365316217,0.29838518148024357,0.034833886501654816,0.9930554353640437,0.999997661507935,0.11247625029525042,1.7645270507764105e-05,0.0002967781157144649,0.00031479153554774084,0.00031942281578895346,0.0003789141750605906,0.015832147390389805,0.09125288287357876,0.0
20.0,0.00011920573535178879,1.3322871658878884e-05,0.36938346062474325,0.3113069771465208,0.03662934776237972,0.9926966861080494,0.9999976589765254,0.1180324346527354,1.8590749961672072e-05,0.00029191470516273246,0.00031079876537892125,0.0003157159011717863,0.0003788647467062199,0.015798562291963764,0.09131807534548095,0.0
21.0,0.00011779081550598663,1.4072419244351908e-05,0.37475771092685956,0.3239857395256383,0.038421087471712634,0.9923386035054912,0.9999976564556856,0.1235538355070063,1.9600536152437197e-05,0.00028712769292142334,0.00030687138989405943,0.00031206951172444114,0.00037881024737895785,0.01576981551734473,0.0913831935403111,0.0
22.0,0.00011632986129462842,1.4846945807874123e-05,0.38007930839434173,0.3364259985492926,0.04020911534993978,0.9919811863175464,0.9999976539454094,0.1290406706139635,2.067448372791158e-05,0.00028244047382061123,0.0003030291386327239,0.0003085020609739687,0.0003787516409829218,0.015745218830603473,0.09144823754269689,0.0
23.0,0.00011482030963403873,1.564784999594001e-05,0.38534876887949093,0.34863220074171564,0.0419934411522309,0.991624433307694,0.9999976514456878,0.13449315636627773,2.1812076095261826e-05,0.0002778691644449256,0.0002992856094549663,0.0003050262492166701,0.0003786898054545402,0.015724182894262147,0.09151320743716948,0.0
24.0,0.00011325847294676291,1.6477129745258826e-05,0.3905666031810759,0.3606087108562269,0.04377407467434167,0.991268343241711,0.9999976489565092,0.13991150780197786,2.301255036652193e-05,0.000273426593788271,0.0002956517132143126,0.0003016522863009232,0.0003786255136733203,0.01570620031325709,0.09157810330816381,0.0
25.0,0.0001116394003268116,1.7337455897409722e-05,0.3957333170933994,0.37235981351477954,0.04555102576794923,0.9909129148876679,0.9999976464778588,0.14529593861288678,2.4274863980179522e-05,0.00026912230534044786,0.00029213538290584126,0.0002983875711985173,0.0003785594565515736,0.015690836400983472,0.09164292524001848,0.0
26.0,0.00010995711017157095,1.8232050644380475e-05,0.40084941145517033,0.38388971482328055,0.04732430435444365,0.9905581470159245,0.9999976440097206,0.15064666115302386,2.5597721404793283e-05,0.0002649635690620098,0.00028874269491966856,0.0002952377803264448,0.0003784922474530149,0.015677718920771834,0.09170767331697616,0.0
27.0,0.0001082050709250246,1.9164434705805133e-05,0.4059153821989779,0.3952025440167488,0.049093920438467685,0.9902040383991252,0.9999976415520748,0.1559638864470872,2.6979619335700994e-05,0.0002609568632975325,0.00028547904112837273,0.00029220794831706474,0.0003784244217541914,0.01566652616680803,0.09177234762318341,0.0
28.0,0.00010637587575181171,2.013859759675108e-05,0.41093172039788967,0.4063023550475828,0.05085988413291943,0.9898505878121956,0.9999976391049004,0.1612478241986008,2.841878868904977e-05,0.0002571029378270688,0.00028234517216060574,0.00028929882101034603,0.0003783564597567521,0.015656984895731755,0.09183694824269098,0.0
29.0,0.00010446158352851984,2.1158820560763173e-05,0.4158989123137991,0.41719312812369713,0.052622205669110286,0.989497794032338,0.9999976366681733,0.1664986827982781,2.991326632553988e-05,0.00025340696474881,0.00027934506765361835,0.0002865140596306136,0.00037828877890957796,0.015648860481261982,0.09190147525945384,0.0
30.0,0.00010245386945602325,2.2229594167833502e-05,0.4208174394450157,0.4278787714114319,0.05438089542741545,0.9891456558390261,0.9999976342418675,0.171716669332285,3.1460872888297423e-05,0.00024987177712704856,0.00027648090233343243,0.000283855674413537,0.0003782217455261959,0.015641950923446377,0.09196592875733134,0.0
31.0,0.00010034441848561466,2.335540578334768e-05,0.4256877785721106,0.43836312276394357,0.05613596398213086,0.9887941720140029,0.9999976318259545,0.17690198959032308,3.305922783505998e-05,0.00024649448090977195,0.00027375086337479165,0.00028132211373760834,0.0003781556695444354,0.015636083657267506,0.09203030882008723,0.0
32.0,9.812463084319757e-05,2.454090562164688e-05,0.43051040180443256,0.44864995091688187,0.057887422088263696,0.9884433413412742,0.9999976294204036,0.1820548480737735,3.4705816760819426e-05,0.00024327851171452477,0.0002711571262653581,0.0002789152947924307,0.0003780908210545533,0.015631110693712976,0.09209461553138984,0.0
33.0,9.578610555388895e-05,2.5790640473919748e-05,0.43528577662654583,0.45874295748343663,0.059635280749249266,0.9880931626071058,0.999997627025182,0.18717544800384034,3.6397956748940175e-05,0.00024022391217850983,0.0002686994402587262,0.00027663495460918336,0.000378027427406747,0.01562690408032007,0.09215884897481218,0.0
34.0,9.33208320390973e-05,2.7108944322785243e-05,0.4400143659424894,0.46864577883558217,0.061379551287105184,0.9877436346000193,0.999997624640255,0.1922639913294441,3.813277654728365e-05,0.0002373229668415698,0.0002663722104821259,0.000274476073668348,0.0003779656783910553,0.015623354869950467,0.09222300923383206,0.0
35.0,9.072093973383347e-05,2.8500091248960724e-05,0.4446966281210329,0.47836198701382465,0.06312024530941204,0.9873947561107873,0.9999976222655846,0.19732067873523026,3.990738541404124e-05,0.0002345791766980538,0.0002641773654128782,0.0002724402773852637,0.00037790573585027367,0.015620369604519195,0.09228709639183215,0.0
36.0,8.797937745873161e-05,2.996791248687393e-05,0.4493330170406896,0.4878950922250364,0.06485737483683615,0.9870465259324293,0.9999976199011316,0.20234570964954893,4.171877155095069e-05,0.0002319896142116241,0.00026211222181656956,0.00027052504741716387,0.00037784772911591787,0.015617867723485439,0.09235111053210016,0.0
37.0,8.509058949774482e-05,3.151542245825594e-05,0.45392398213285456,0.4972485452109233,0.06659095243086198,0.9866989428602075,0.9999976175468541,0.20733928225222387,4.356379129045473e-05,0.00022953579470191322,0.0002601628092155058,0.00026871770245722636,0.00037779174725328913,0.015615780519029806,0.09241505173782882,0.0
38.0,8.204941165735199e-05,3.314546125430993e-05,0.45846996842612425,0.5064257369708439,0.06832099104882897,0.9863520056916235,0.9999976152027081,0.2123015934824553,4.5439527372582775e-05,0.00022723094066295097,0.00025833802893758485,0.0002670261266657002,0.0003777378664748031,0.01561404877070314,0.09247892009211618,0.0
39.0,7.885290314499513e-05,3.485964608053154e-05,0.46297141658852653,0.5154300039718284,0.07004750446469232,0.9860057132264131,0.9999976128686463,0.21723283904649782,4.734289204063393e-05,0.00022505604199526567,0.00025662291527447234,0.0002654365983565699,0.0003776861306854168,0.015612622109840523,0.09254271567796554,0.0
40.0,7.549967659676655e-05,3.665876865474285e-05,0.46742876297097335,0.5242646285375637,0.07177050719725567,0.9856600642665424,0.9999976105446198,0.22213321342542922,4.9270920503852376e-05,0.00022301112133499897,0.00025501775864359013,0.0002639494685203229,0.00037763656072470206,0.01561145703735739,0.09260643857828565,0.0
41.0,7.199072029264803e-05,3.854233927834972e-05,0.47184243964954775,0.5329328423820907,0.07349001476610131,0.9853150576162041,0.9999976082305756,0.2270029098828545,5.122070238588039e-05,0.00022108530163760112,0.00025351263324681773,0.0002625553592197926,0.00037758916039348843,0.015610516271112315,0.09267008887589079,0.0
42.0,6.832966575435055e-05,4.050844277505188e-05,0.4762128744687373,0.5414378297160585,0.07520604390529184,0.9849706920818124,0.9999976059264589,0.23184212047277028,5.318941940109743e-05,0.00021927385662647998,0.000252103863988899,0.00026125092681965773,0.00037754391255833655,0.0156097677980521,0.09273366665350095,0.0
43.0,6.452331381229442e-05,4.2553455239557074e-05,0.48054049107863583,0.5497827306224745,0.0769186128222436,0.9846269664720002,0.9999976036322102,0.23665103604636126,5.5174360661122e-05,0.00021757017488704806,0.00025078583431559876,0.00026003094806761103,0.0003775007863871033,0.015609184209082238,0.09279717199374177,0.0
44.0,6.058227922094628e-05,4.4671695178785996e-05,0.4848257089782308,0.5579706456456459,0.07862774157009339,0.984283879597614,0.999997601347767,0.24142984625992972,5.717293195935224e-05,0.00021596688313423116,0.0002495521694712058,0.00025888947092490513,0.0003774597393105509,0.015608742002761815,0.09286060497914482,0.0
45.0,5.652177761984506e-05,4.685499755020781e-05,0.4890689435574701,0.5660046412328733,0.08033345251578582,0.9839414302717104,0.9999975990730607,0.24617873958263078,5.918265956888323e-05,0.00021445795660905085,0.000248397775765452,0.00025782176289197115,0.0003774207182505214,0.015608421002305129,0.09292396569214759,0.0
46.0,5.236299534450833e-05,4.909197276206445e-05,0.49327060615080187,0.5738877586304458,0.0820357711503759,0.98359961730955,0.9999975968080177,0.2508979033063668,6.120118659058054e-05,0.00021303767768130795,0.0002473177963914565,0.00025682330690751475,0.0003773836631233531,0.015608203752594653,0.09298725421509375,0.0
47.0,4.813336655977527e-05,5.1367856998281976e-05,0.497431104041126,0.5816230155796103,0.08373472626062335,0.9832584395285969,0.9999975945525582,0.2555875235465334,6.322627059144582e-05,0.0002117009236413144,0.0002463078927331668,0.0002558900707844349,0.0003773485070516861,0.015608075509410667,0.09305047063023301,0.0
48.0,4.386869541653348e-05,5.3663364787802176e-05,0.5015508405266202,0.5892134198526863,0.0854303512027031,0.9829178957485125,0.9999975923065932,0.2602477852544081,6.525577408546748e-05,0.0002104427906072604,0.00024536382854974635,0.00025501810144393965,0.0003773151805897637,0.015608023571366281,0.09311361501972142,0.0
49.0,3.9615247462814915e-05,5.5953557655724506e-05,0.5056302149641262,0.5966619820520501,0.08712268516782323,0.9825779847911505,0.9999975900700249,0.264878872225257,6.728764736694105e-05,0.00020925926283358394,0.0002444821504569243,0.0002542041805854812,0.0003772836137164496,0.015608036967797164,0.09317668746562151,0.0
50.0,3.5429898695418867e-05,5.8207762330677934e-05,0.5096696227763348,0.6039717162073379,0.08881177325945176,0.9822387054805559,0.9999975878427437,0.26948096709971037,6.931992752360786e-05,0.00020814673746175918,0.00024365975189441296,0.0002534454121805357,0.0003772537356793841,0.015608106459912617,0.09323968804990214,0.0
51.0,3.138265202159628e-05,6.038820786402818e-05,0.5136694555247284,0.6111456552634229,0.09049766801296451,0.9819000566429579,0.9999975856246279,0.27405425137738626,7.135071646266076e-05,0.00020710219818030124,0.0002428940332409014,0.0002527393743779458,0.00037722547849564244,0.015608223992264561,0.09330261685443891,0.0
52.0,2.7556084195587963e-05,6.245031827514623e-05,0.5176301009415459,0.6181868476603879,0.09218042909692051,0.9815620371067659,0.999997583415543,0.27859890542297383,7.33781610592191e-05,0.00020612347344437589,0.00024218304854843676,0.0002520842428571571,0.0003771987776683497,0.015608382623107939,0.09336547396101415,0.0
53.0,2.40387484529191e-05,6.434626774654813e-05,0.5215519429588972,0.6250983187567235,0.0938601194272787,0.9812246457025668,0.9999975812153474,0.2831151084717661,7.540045186741766e-05,0.00020520837955179997,0.00024152490291348645,0.0002514782521897665,0.00037717357204256264,0.015608576419394556,0.09342825945131691,0.0
54.0,2.09270513196683e-05,6.602396799661676e-05,0.5254353617092998,0.6318830824831104,0.0955368063391691,0.9808878812631262,0.9999975790238926,0.28760303862939574,7.741580168280473e-05,0.0002043565112822757,0.00024091908715939537,0.0002509209052161884,0.0003771498054449266,0.01560880041340957,0.09349097340694308,0.0
55.0,1.8293020612760382e-05,6.744444636698888e-05,0.5292807336166853,0.6385439540232236,0.09721054270192576,0.9805517426233931,0.9999975768410487,0.29206287288574273,7.942241955329564e-05,0.00020356486752477044,0.00024036319997700086,0.00025041000203715594,0.0003771274285217796,0.015609050169059701,0.09355361590939487,0.0
56.0,1.6167862424794844e-05,6.859073930293904e-05,0.5330884314438405,0.6450834560463884,0.09888135698345621,0.9802162286204604,0.999997574666725,0.2964947871318846,8.141867112160593e-05,0.000202829124589496,0.00023985353760637288,0.00024994208953074904,0.0003771063863119434,0.01560932192532231,0.09361618704008251,0.0
57.0,1.453402823478747e-05,6.947218862229369e-05,0.5368588243459181,0.6515037783290247,0.10054924868236126,0.9798813380935529,0.9999975725008756,0.300898956172013,8.340308566469886e-05,0.00020214353610039523,0.0002393853675613956,0.00024951279100639425,0.0003770866195833823,0.015609612477348055,0.0936786868803248,0.0
58.0,1.332585433721571e-05,7.012411524783806e-05,0.5405922779221235,0.657806786044526,0.10221418859965839,0.9795470698840146,0.9999975703435008,0.3052755537344658,8.537443326246677e-05,0.0002015005600515651,0.0002389524316586743,0.00024911630431254594,0.0003770680603709125,0.015609919070180833,0.09374111551134943,0.0
59.0,1.2445320376564657e-05,7.05993304886479e-05,0.5442891539323335,0.6639941124314513,0.10387612799077837,0.9792134228354961,0.999997568194633,0.30962475238230935,8.73317925029204e-05,0.00020089183250273623,0.00023854777743769834,0.0002487461785540116,0.0003770506293379439,0.015610239376788357,0.09380347301428503,0.0
60.0,1.1796947439337947e-05,7.094930788008502e-05,0.5479498106733592,0.6700673706861016,0.10553501908386974,0.97888039579375,0.9999975660543037,0.3139467236224667,8.927453435097873e-05,0.00020030985375484072,0.00023816514166079053,0.0002483965947985223,0.00037703423803399827,0.01561057138529392,0.09386575947016974,0.0
61.0,1.1303503668083006e-05,7.12157014306739e-05,0.5515746028450659,0.676028244483857,0.10719082436591063,0.9785479876067288,0.9999975639225284,0.3182416378611232,9.120227574100898e-05,0.00019974876825280181,0.00023779960641365022,0.00024806297706387833,0.00037701879382851433,0.01561091337074335,0.09392797495994708,0.0
62.0,1.090762710163892e-05,7.142945620695916e-05,0.5551638818833455,0.6818784999198114,0.10884351765609249,0.9782161971243953,0.999997561799304,0.32250966450269064,9.31148010043241e-05,0.00019920426148137746,0.00023744753511200744,0.00024774193777518216,0.0003770042044822729,0.015611263841797831,0.09399011956447388,0.0
63.0,1.0574758973773109e-05,7.160921627659938e-05,0.5587179958522489,0.6876200007257985,0.11049308591090343,0.9778850231988053,0.9999975596846056,0.3267509719129304,9.501200667579667e-05,0.0001986736197068183,0.00023710662370700724,0.0002474313262469936,0.00037699038266140675,0.015611621514598883,0.0940521933645168,0.0
64.0,1.0283826283184235e-05,7.176635262129657e-05,0.5622372893454155,0.693254652152009,0.11213952382630428,0.9775544646841836,0.9999975575783941,0.3309657273853414,9.689386809827577e-05,0.00019815512951673427,0.00023677542335460183,0.00024712978959808983,0.0003769772478678191,0.015611985295040699,0.09411419644074892,0.0
65.0,1.0023152162558094e-05,7.190716644693531e-05,0.5657221030024115,0.6987843713059194,0.11378283148583454,0.9772245204372491,0.9999975554806233,0.33515409698671805,9.876040888578382e-05,0.00019764774363537652,0.000236453044723107,0.0002468364955796805,0.00037696472924319185,0.015612354271048352,0.09417612887373564,0.0
66.0,9.783891103839062e-06,7.2036431343176e-05,0.5691727749039831,0.7042110639594295,0.11542301058677601,0.9768951893163536,0.999997553391244,0.3393162459858702,0.00010061166699294165,0.00019715061019505024,0.00023613875963824762,0.0002465507615230213,0.0003769527621514659,0.015612727625294425,0.0942379907439718,0.0
67.0,9.561013911907593e-06,7.215686119532677e-05,0.5725896396913974,0.7095366208081658,0.11706006500215962,0.9765664701820514,0.999997551310202,0.34345233857734053,0.00010244769858207433,0.00019666315564557756,0.00023583207571829183,0.00024627212463996937,0.0003769412899025968,0.015613104661727712,0.09429978213185705,0.0
68.0,9.352021086975393e-06,7.226980422311651e-05,0.5759730286427217,0.7147629109408122,0.11869400003904391,0.9762383618970673,0.9999975492374402,0.34756253790165453,0.00010426857148578972,0.00019618499788067673,0.00023553266526442443,0.00024600027624107056,0.0003769302630167057,0.015613484788204967,0.09436150311769714,0.0
69.0,9.155250615189933e-06,7.237615694135783e-05,0.579323269742501,0.7198917729255235,0.12032482145988145,0.9759108633262686,0.9999975471729015,0.35164700606324106,0.00010607435953132301,0.00019571582473920613,0.00023524026263405286,0.0002457349661924205,0.0003769196384439437,0.015613867499521369,0.09442315378170503,0.0
70.0,8.969771230380933e-06,7.247642068456969e-05,0.5826406877447599,0.7249250151056434,0.12195253542238295,0.9755839733366432,0.9999975451165274,0.35570590414640324,0.00010786513989375494,0.00019525537899616217,0.00023495464612153784,0.00024547598506811653,0.0003769093787240862,0.015614252363319214,0.09448473420400189,0.0
71.0,8.794502539574242e-06,7.257117785750999e-05,0.5859256042187241,0.7298644112634838,0.12357714797035797,0.9752576907972861,0.9999975430682597,0.35973939222604007,0.00010964099187684138,0.0001948034061941501,0.00023467560149637416,0.000245223131495199,0.00037689945121499536,0.015614639008899926,0.09454624446461739,0.0
72.0,8.628714374217615e-06,7.26608212574444e-05,0.5891783376914553,0.7347117053032999,0.12519866532447124,0.974932014579322,0.99999754102804,0.36374762940937183,0.00011140199661422123,0.00019435967628589335,0.00023440293107487763,0.0002449762189440696,0.00037688982727507493,0.015615027116422533,0.0946076846434933,0.0
73.0,8.471435122989657e-06,7.27458748514018e-05,0.5923992037930026,0.739468609622643,0.12681709354117168,0.9746069435558232,0.9999975389958095,0.3677307738787954,0.00011314823686616489,0.00019392395587263282,0.00023413643958339965,0.00024473506420182105,0.00037688048156223986,0.015615416407925648,0.09466905482048668,0.0
74.0,8.321919113803953e-06,7.28267405084209e-05,0.5955885150947031,0.7441368063986588,0.12843243878215213,0.9742824766019349,0.999997536971508,0.3716889828370115,0.00011487979711074074,0.0001934960302333539,0.00023387594546441269,0.00024449949657837566,0.0003768713918315572,0.015615806644619224,0.09473035507536468,0.0
75.0,8.179576628319028e-06,7.290373598301501e-05,0.5987465800821968,0.7487179365686325,0.13004470726517156,0.9739586125955686,0.9999975349550762,0.37562241217836495,0.00011659676400781606,0.00019307570173846043,0.00023362128143685385,0.00024426935881336745,0.00037686254004385534,0.015616197640864447,0.09479158548777404,0.0
76.0,8.043907262117544e-06,7.297713092024324e-05,0.6018737045808115,0.7532136149369193,0.1316539052380244,0.9736353504164842,0.9999975329464567,0.3795312169354035,0.0001182992252289865,0.00019266278145144323,0.00023337228814141356,0.0002440445011803259,0.0003768539096404304,0.015616589229165234,0.09485274613728124,0.0
77.0,7.91438691661666e-06,7.304720789735853e-05,0.604970191692664,0.7576254290574267,0.1332600389126288,0.9733126889463457,0.9999975309455947,0.38341555125609844,0.00011998726910625886,0.00019225708510197626,0.00023312881359048595,0.00024382478148970264,0.0003768454855230871,0.015616981259616348,0.09491383710336969,0.0
78.0,7.790556524436171e-06,7.311421434566615e-05,0.6080363416011102,0.7619549378600087,0.13486311451478236,0.9729906270688614,0.9999975289524302,0.3872755683393994,0.0001216609847585001,0.0001918584399055293,0.0002328907143692562,0.00024361006541205794,0.0003768372542998786,0.015617373603047421,0.09497485846543365,0.0
79.0,7.672035653397148e-06,7.317835526510998e-05,0.6110724515668404,0.7662036720427148,0.13646313829226978,0.9726691636698108,0.9999975269669011,0.3911114204293121,0.00012332046205250152,0.00019146668040744542,0.00023265785011246796,0.00024340022096062624,0.0003768292040303413,0.015617766147819415,0.09503581030277715,0.0
80.0,7.558492683535548e-06,7.323980932090799e-05,0.6140788160242032,0.7703731346907735,0.13806011649826233,0.9723482976369651,0.9999975249889431,0.3949232588484477,0.0001249657915448942,0.00019108164944911787,0.00023243008643573747,0.00024319512160008485,0.0003768213242218903,0.015618158799729248,0.09509669269461728,0.0
81.0,7.4495569785744436e-06,7.329877649051014e-05,0.6170557264507502,0.7744648002778254,0.13965405534008454,0.972028027860232,0.9999975230185054,0.39871123394464014,0.00012659706420965058,0.0001907031909977971,0.00023220730064398872,0.00024299465360980553,0.0003768136054190104,0.0156185514766802,0.09515750572007776,0.0
82.0,7.344895853023255e-06,7.33554363339954e-05,0.6200034714139455,0.7784801150365389,0.14124496102369016,0.9717083532315889,0.9999975210555393,0.4024754951134615,0.00012821437166229838,0.00019033115540801213,0.0002319893766418582,0.0002427987096823497,0.0003768060395316195,0.015618944112948003,0.09521824945819209,0.0
83.0,7.2443510784032735e-06,7.340987371609152e-05,0.6229223366934391,0.7824205001896816,0.14283283983317135,0.9713892726450775,0.9999975190999641,0.4062161908210522,0.00012981780572876038,0.00018996540867565514,0.00023177618561259414,0.00024260716611651525,0.00037679861898731314,0.015619336648336278,0.09527892398790323,0.0
84.0,7.147803505416366e-06,7.346215243111135e-05,0.6258126051591125,0.7862873490943458,0.14441769805196336,0.971070784996833,0.9999975171516999,0.40993346857638224,0.00013140745874228783,0.00018960582314206305,0.00023156760357392648,0.00024241990366489837,0.0003767913373469141,0.015619729036031819,0.09533952938806275,0.0
85.0,7.054740326084742e-06,7.351255017589091e-05,0.6286745570165205,0.7900820286336345,0.1459995417169518,0.97075288918501,0.9999975152107443,0.41362747499095837,0.0001329834228989798,0.00018925224110572826,0.0002313635473186018,0.00024223685279733059,0.0003767841884293054,0.015620121231467088,0.09540006573743359,0.0
86.0,6.964699004664099e-06,7.356131746410682e-05,0.6315084696124341,0.7938058787623243,0.14757837687127134,0.9704355841098453,0.9999975132770915,0.417298355730635,0.0001345457907670417,0.00018890451151030099,0.00023116393562621642,0.00024205794523538335,0.00037677716693861404,0.015620513200294136,0.09546053311468763,0.0
87.0,6.8783052923176534e-06,7.360811318868063e-05,0.6343146177007719,0.79746022264671,0.1491542101609141,0.9701188686735824,0.9999975113505377,0.420946255579712,0.00013609465499613593,0.00018856258658647032,0.00023096860768312508,0.000241883008747291,0.0003767702677374122,0.015620904909210986,0.09552093159840849,0.0
88.0,6.796063381386055e-06,7.365266239155783e-05,0.6370932732360847,0.8010463564579372,0.1507270481401516,0.9698027417805278,0.9999975094309077,0.42457131839155,0.00013763010844219698,0.00018822641075495595,0.00023077741944452058,0.00024171189090181933,0.00037676348637647307,0.015621296332628279,0.09558126126708948,0.0
89.0,6.715265415477595e-06,7.369643721791982e-05,0.6398447056251194,0.804565535905829,0.1522968955063497,0.9694872023369991,0.9999975075185149,0.42817368714552806,0.00013915224357915443,0.00018789562884745077,0.0002305903963945657,0.00024154467361257547,0.000376756818493045,0.015621687445808321,0.09564152219913534,0.0
90.0,6.633876108304631e-06,7.374054413432535e-05,0.6425691815273603,0.8080189950539893,0.15386375732009688,0.9691722492513613,0.9999975056135653,0.43175350390289285,0.0001406611531034062,0.00018756995164846633,0.00023040752744578824,0.0002413813881437904,0.00037675026027521574,0.015622078229922287,0.09570171447286108,0.0
91.0,6.56095206725965e-06,7.378006292408156e-05,0.6452669650132928,0.811408008852805,0.155427644977397,0.9688578814340034,0.9999975037147915,0.43531090984081977,0.0001421569347908788,0.00018725008691845618,0.00023022833412254028,0.00024122139183658487,0.00037674380799444486,0.015622468668805354,0.09576183816649263,0.0
92.0,6.4879723132370085e-06,7.381961333832223e-05,0.6479383176622016,0.8147337298490436,0.15698855976182036,0.9685440977973294,0.9999975018231302,0.4388460452726077,0.00014363967138008451,0.00018693536370391404,0.00023005317266516827,0.0002410651807517194,0.00037673745879258805,0.015622858745883433,0.09582189335816696,0.0
93.0,6.41781282458289e-06,7.38576396465344e-05,0.6505834984201966,0.8179973532309406,0.15854650949921867,0.9682308972557727,0.9999974999384276,0.4423590496180948,0.00014510946118945496,0.0001866255210905727,0.0002298816840300373,0.000240912403019674,0.00037673120920935735,0.015623248448988776,0.09588188012593181,0.0
94.0,6.350340903678783e-06,7.389421191541148e-05,0.6532027636995261,0.8212000346608851,0.16010150025668915,0.9679182787257851,0.9999974980604246,0.44585006142499706,0.00014656639587805182,0.00018632084210329768,0.0002297139760359416,0.0002407631263167962,0.00037672505638600536,0.015623637767835662,0.09594179854774602,0.0
95.0,6.2841055191299525e-06,7.393011641470435e-05,0.655796367173625,0.8243428988350392,0.1616535373210253,0.967606241126018,0.9999974961891391,0.4493192182943479,0.00014801056586735706,0.00018602103735472706,0.00022954986346582318,0.0002406171913426683,0.00037671899777548025,0.015624026693640616,0.09600164870147126,0.0
96.0,6.219845175380187e-06,7.396495358453452e-05,0.6583645601612164,0.8274270632047038,0.163202627223797,0.9672947833770232,0.9999974943245058,0.45276665701174434,0.00014944206484072297,0.00018572593484392246,0.00022938917129251105,0.00024047442830635906,0.00037671303074452296,0.015624415218937803,0.09606143066488543,0.0
97.0,6.157563417007648e-06,7.399872122812952e-05,0.6609075912177141,0.8304536177513783,0.16474877605099672,0.9669839044016086,0.9999974924664718,0.45619251340086425,0.00015086098493143397,0.00018543555985939175,0.00022923194652707483,0.0002403348851007722,0.0003767071528833527,0.015624803337518079,0.09612114451566665,0.0
98.0,6.097400153396108e-06,7.403134375712292e-05,0.6634257077541195,0.833423643791634,0.16629198995841615,0.966673603123527,0.99999749061498,0.4595969228849286,0.00015226741844626384,0.0001851497977330907,0.00022907808708966587,0.00024019846485694504,0.0003767013618442511,0.01562519104357806,0.0961807903314513,0.0
99.0,6.038956970117596e-06,7.406303673869131e-05,0.6659191538120098,0.8363381915145994,0.16783227476454524,0.9663638784693067,0.9999974887699755,0.4629800197096151,0.00015366145633460336,0.00018486858709181004,0.00022892755471884453,0.00024006513381233721,0.0003766956555235808,0.0156255783326197,0.096240368189753,0.0
100.0,5.981926950008705e-06,7.409396603060316e-05,0.6683881715522282,0.8391982961256598,0.16936963632508814,0.9660547293670343,0.9999974869314011,0.4663419374614912,0.00015504318942563785,0.00018459183751666668,0.00022878027920278127,0.00023993482703777604,0.00037669003190942557,0.015625965200785335,0.09629987816801641,0.0
